id,type,action,channel,seller_id,campaign_name,campaign_id,adgroup_name,adgroup_id,sku,product_name,bid_strategy,bid,budget,content_type,content,content_bid,create_time
1917130018553516040,2,3,amazon_us,amazon_us_rrc,RRC_汽车暖风机_manual_RRC35_E,311196306576073,001411arrc250326,,a25032600ux1411,004958srrc250414,manual,0.5,3,exact,20773421,,"2025-04-29 16:13:10"
1917491287848570882,2,3,amazon_us,amazon_us_sopro,通用油位传感器@手动@sopro35@0430@B,,aopro240814000944,,a24081400ux0944,sopro241105006601,manual,0.3,5,broad,"oil level sensor 9",,"2025-04-30 16:08:43"
1917491287852765185,2,3,amazon_us,amazon_us_sopro,通用油位传感器@手动@sopro35@0430@B,,aopro240814000944,,a24081400ux0944,sopro241105006601,manual,0.3,5,broad,"brake pressure switch 9",,"2025-04-30 16:08:43"
1917491287852765187,2,3,amazon_us,amazon_us_sopro,通用油位传感器@手动@sopro35@0430@B,,aopro240814000944,,a24081400ux0944,sopro241105006601,manual,0.3,5,broad,"throttle sensor 9",,"2025-04-30 16:08:43"
1917491287852765188,2,3,amazon_us,amazon_us_sopro,通用油位传感器@手动@sopro35@0430@B,,aopro240814000944,,a24081400ux0944,sopro241105006601,manual,0.3,5,broad,"engine oil level sensor 9",,"2025-04-30 16:08:43"
1917491287852765189,2,3,amazon_us,amazon_us_sopro,通用油位传感器@手动@sopro35@0430@B,,aopro240814000944,,a24081400ux0944,sopro241105006601,manual,0.3,5,broad,"oil sensor 9",,"2025-04-30 16:08:43"
1917491287852765190,2,3,amazon_us,amazon_us_sopro,通用油位传感器@手动@sopro35@0430@B,,aopro240814000944,,a24081400ux0944,sopro241105006601,manual,0.3,5,broad,"fuel level sender 9",,"2025-04-30 16:08:43"
1917491287852765191,2,3,amazon_us,amazon_us_sopro,通用油位传感器@手动@sopro35@0430@B,,aopro240814000944,,a24081400ux0944,sopro241105006601,manual,0.3,5,broad,"oil sending unit 9",,"2025-04-30 16:08:43"
1917491288066674697,2,3,amazon_us,amazon_us_sopro,通用油位传感器@手动@sopro35@0430@B,281673051368872,aopro240814000960,,a24081400ux0960,sopro241105006623,manual,0.3,5,broad,"9 gas tank gauge",,"2025-04-30 16:08:43"
1917491289257857030,2,3,amazon_us,amazon_us_sopro,通用油位传感器@手动@sopro35@0430@B,281673051368872,aopro240814000980,,a24081400ux0980,sopro241105006649,manual,0.3,5,broad,"9 fuel tank sending unit",,"2025-04-30 16:08:43"
1917491289555652618,2,3,amazon_us,amazon_us_sopro,通用油位传感器@手动@sopro35@0430@B,281673051368872,aopro241117000147,,a24111700ux0147,sopro241125006151,manual,0.3,5,broad,"9 boat fuel gauge",,"2025-04-30 16:08:43"
1917491289668898822,2,3,amazon_us,amazon_us_sopro,通用油位传感器@手动@sopro35@0430@B,281673051368872,aopro240814000995,,a24081400ux0995,sopro241105006669,manual,0.3,5,broad,"9 marine fuel sending unit",,"2025-04-30 16:08:43"
1917491290050580491,2,3,amazon_us,amazon_us_sopro,通用油位传感器@手动@sopro35@0430@B,281673051368872,aopro240814000988,,a24081400ux0988,sopro241105006660,manual,0.3,5,broad,"9 fuel tank sending unit",,"2025-04-30 16:08:43"
1917491290239324170,2,3,amazon_us,amazon_us_sopro,通用油位传感器@手动@sopro35@0430@B,281673051368872,aopro240814000979,,a24081400ux0979,sopro241105006648,manual,0.3,5,broad,"9 fuel sending unit replacement",,"2025-04-30 16:08:43"
1917508846568263685,2,3,amazon_ca,amazon_ca_sopro,通用油位传感器@手动@sopro35@0430@P,520259971307582,aopro240814000996,,a24081400ux0996,sopro241210006030,manual,0.35,5,broad,"9 fuel sending unit",,"2025-04-30 17:18:29"
1917508848636055564,2,3,amazon_ca,amazon_ca_sopro,通用油位传感器@手动@sopro35@0430@P,520259971307582,aopro240904000400,,a24090400ux0400,sopro250103011220,manual,0.35,5,broad,"7 fuel level sensor",,"2025-04-30 17:18:29"
1917508849462333453,2,3,amazon_ca,amazon_ca_sopro,通用油位传感器@手动@sopro35@0430@P,520259971307582,aopro240904000446,,a24090400ux0446,sopro250103011345,manual,0.35,5,broad,"32 fuel gauge",,"2025-04-30 17:18:29"
1917508849500082187,2,3,amazon_ca,amazon_ca_sopro,通用油位传感器@手动@sopro35@0430@P,520259971307582,aopro240904000445,,a24090400ux0445,sopro250103011344,manual,0.35,5,broad,"31 fuel sending unit",,"2025-04-30 17:18:29"
1917510680485744646,2,3,amazon_uk,amazon_uk_sopro,通用油位传感器@手动@sopro35@0430@E,364401568244410,aopro240904000427,,a24090400ux0427,sopro241126003822,manual,0.4,5,broad,"fuel float",,"2025-04-30 17:25:46"
1917511160638271491,2,3,amazon_uk,amazon_uk_sopro,通用油位传感器@手动@sopro35@0430@P,352630395415298,aopro241025000581,,a24102500ux0581,sopro241206002612,manual,0.35,5,broad,"gas tank sending unit",,"2025-04-30 17:27:41"
1917511160638271500,2,3,amazon_uk,amazon_uk_sopro,通用油位传感器@手动@sopro35@0430@P,352630395415298,aopro241025000582,,a24102500ux0582,sopro241206002613,manual,0.35,5,broad,"fuel level sensor",,"2025-04-30 17:27:41"
1917511160801849354,2,3,amazon_uk,amazon_uk_sopro,通用油位传感器@手动@sopro35@0430@P,352630395415298,aopro241025000613,,a24102500ux0613,sopro241206002644,manual,0.35,5,broad,"fuel sending unit replacement",,"2025-04-30 17:27:41"
1917511160801849356,2,3,amazon_uk,amazon_uk_sopro,通用油位传感器@手动@sopro35@0430@P,352630395415298,aopro241025000613,,a24102500ux0613,sopro241206002644,manual,0.35,5,broad,"marine fuel tank sending unit",,"2025-04-30 17:27:41"
1917511575277588485,2,3,amazon_uk,amazon_uk_sopro,通用油位传感器@手动@sopro35@0430@B,401146203534317,aopro241025000586,,a24102500ux0586,sopro241206002617,manual,0.3,5,broad,"fuel gauge",,"2025-04-30 17:29:20"
1920687956750766080,2,3,amazon_ca,amazon_ca_rrc,RRC_汽车暖风机电阻_manual_RRC35_B_0509,352611572317665,001413arrc250326,,a25032600ux1413,007106srrc250423,manual,0.2,2,broad,"Mazda B2200 ac blower motor resistor",,"2025-05-09 11:51:08"
1920687956754960384,2,3,amazon_ca,amazon_ca_rrc,RRC_汽车暖风机电阻_manual_RRC35_B_0509,352611572317665,001413arrc250326,,a25032600ux1413,007106srrc250423,manual,0.2,2,broad,"Mazda B2200 ac resistor",,"2025-05-09 11:51:08"
1920687956754960385,2,3,amazon_ca,amazon_ca_rrc,RRC_汽车暖风机电阻_manual_RRC35_B_0509,,001413arrc250326,,a25032600ux1413,007106srrc250423,manual,0.2,2,broad,"Mazda B2200 air conditioning resistor",,"2025-05-09 11:51:08"
1920687956754960386,2,3,amazon_ca,amazon_ca_rrc,RRC_汽车暖风机电阻_manual_RRC35_B_0509,,001413arrc250326,,a25032600ux1413,007106srrc250423,manual,0.2,2,broad,"Mazda B2200 blower motor kit",,"2025-05-09 11:51:08"
1920687956754960387,2,3,amazon_ca,amazon_ca_rrc,RRC_汽车暖风机电阻_manual_RRC35_B_0509,352611572317665,001413arrc250326,,a25032600ux1413,007106srrc250423,manual,0.2,2,broad,"Mazda B2200 blower resistor",,"2025-05-09 11:51:08"
1920687956754960388,2,3,amazon_ca,amazon_ca_rrc,RRC_汽车暖风机电阻_manual_RRC35_B_0509,,001413arrc250326,,a25032600ux1413,007106srrc250423,manual,0.2,2,broad,"Mazda B2200 climate control resistor",,"2025-05-09 11:51:08"
1920687956754960391,2,3,amazon_ca,amazon_ca_rrc,RRC_汽车暖风机电阻_manual_RRC35_B_0509,352611572317665,001413arrc250326,,a25032600ux1413,007106srrc250423,manual,0.2,2,broad,"Mazda B2200 fan motor resistor",,"2025-05-09 11:51:08"
1920687956759154688,2,3,amazon_ca,amazon_ca_rrc,RRC_汽车暖风机电阻_manual_RRC35_B_0509,352611572317665,001413arrc250326,,a25032600ux1413,007106srrc250423,manual,0.2,2,broad,"Mazda B2200 heater blower motor resistor",,"2025-05-09 11:51:08"
1920687956759154689,2,3,amazon_ca,amazon_ca_rrc,RRC_汽车暖风机电阻_manual_RRC35_B_0509,352611572317665,001413arrc250326,,a25032600ux1413,007106srrc250423,manual,0.2,2,broad,"Mazda B2200 heater control resistor",,"2025-05-09 11:51:08"
1920687956759154693,2,3,amazon_ca,amazon_ca_rrc,RRC_汽车暖风机电阻_manual_RRC35_B_0509,352611572317665,001413arrc250326,,a25032600ux1413,007106srrc250423,manual,0.2,2,broad,"Mazda B2200 hvac blower motor resistor",,"2025-05-09 11:51:08"
1920687956759154696,2,3,amazon_ca,amazon_ca_rrc,RRC_汽车暖风机电阻_manual_RRC35_B_0509,352611572317665,001413arrc250326,,a25032600ux1413,007106srrc250423,manual,0.2,2,broad,"Mazda B2200 motor resistor",,"2025-05-09 11:51:08"
1920687956759154697,2,3,amazon_ca,amazon_ca_rrc,RRC_汽车暖风机电阻_manual_RRC35_B_0509,352611572317665,001413arrc250326,,a25032600ux1413,007106srrc250423,manual,0.2,2,broad,"Mazda B2200 radiator cooling fan resistor",,"2025-05-09 11:51:08"
1920687956763348992,2,3,amazon_ca,amazon_ca_rrc,RRC_汽车暖风机电阻_manual_RRC35_B_0509,352611572317665,001413arrc250326,,a25032600ux1413,007106srrc250423,manual,0.2,2,broad,"Mazda B2200 ventilation blower resistor",,"2025-05-09 11:51:08"
1920687956763348995,2,3,amazon_ca,amazon_ca_rrc,RRC_汽车暖风机电阻_manual_RRC35_B_0509,352611572317665,001413arrc250326,,a25032600ux1413,007106srrc250423,manual,0.2,2,broad,"B2200 air conditioning resistor",,"2025-05-09 11:51:08"
1920687956763348996,2,3,amazon_ca,amazon_ca_rrc,RRC_汽车暖风机电阻_manual_RRC35_B_0509,352611572317665,001413arrc250326,,a25032600ux1413,007106srrc250423,manual,0.2,2,broad,"B2200 blower motor kit",,"2025-05-09 11:51:08"
1920687956763348997,2,3,amazon_ca,amazon_ca_rrc,RRC_汽车暖风机电阻_manual_RRC35_B_0509,352611572317665,001413arrc250326,,a25032600ux1413,007106srrc250423,manual,0.2,2,broad,"B2200 blower resistor",,"2025-05-09 11:51:08"
1920687956763348999,2,3,amazon_ca,amazon_ca_rrc,RRC_汽车暖风机电阻_manual_RRC35_B_0509,352611572317665,001413arrc250326,,a25032600ux1413,007106srrc250423,manual,0.2,2,broad,"B2200 cooling fan resistor",,"2025-05-09 11:51:08"
1920687956767543299,2,3,amazon_ca,amazon_ca_rrc,RRC_汽车暖风机电阻_manual_RRC35_B_0509,352611572317665,001413arrc250326,,a25032600ux1413,007106srrc250423,manual,0.2,2,broad,"B2200 heater blower motor resistor",,"2025-05-09 11:51:08"
1920759936497692672,2,3,amazon_us,amazon_us_sopro,机油尺@手动@sopro35@B@0509,,aopro250416000995,,a25041600ux0995,sopro250417013217,manual,0.2,2,broad,"266112G030 dip stick",,"2025-05-09 16:37:10"
1920759936497692673,2,3,amazon_us,amazon_us_sopro,机油尺@手动@sopro35@B@0509,548374268054593,aopro250416000995,,a25041600ux0995,sopro250417013217,manual,0.2,2,broad,"266112G030 dipstick",,"2025-05-09 16:37:10"
1920759936497692674,2,3,amazon_us,amazon_us_sopro,机油尺@手动@sopro35@B@0509,548374268054593,aopro250416000995,,a25041600ux0995,sopro250417013217,manual,0.2,2,broad,"266112G030 oil dipstick",,"2025-05-09 16:37:10"
1920759936497692675,2,3,amazon_us,amazon_us_sopro,机油尺@手动@sopro35@B@0509,,aopro250416000995,,a25041600ux0995,sopro250417013217,manual,0.2,2,broad,"266112G030 oil dip stick",,"2025-05-09 16:37:10"
1920759936501886976,2,3,amazon_us,amazon_us_sopro,机油尺@手动@sopro35@B@0509,,aopro250416000995,,a25041600ux0995,sopro250417013217,manual,0.2,2,broad,"266112G030 oil dipstick replacement",,"2025-05-09 16:37:10"
1920759936501886977,2,3,amazon_us,amazon_us_sopro,机油尺@手动@sopro35@B@0509,,aopro250416000995,,a25041600ux0995,sopro250417013217,manual,0.2,2,broad,"266112G030 engine oil dipstick",,"2025-05-09 16:37:10"
1920759936501886979,2,3,amazon_us,amazon_us_sopro,机油尺@手动@sopro35@B@0509,548374268054593,aopro250416000995,,a25041600ux0995,sopro250417013217,manual,0.2,2,broad,"266112G030 deep stick",,"2025-05-09 16:37:10"
1920759936501886980,2,3,amazon_us,amazon_us_sopro,机油尺@手动@sopro35@B@0509,548374268054593,aopro250416000995,,a25041600ux0995,sopro250417013217,manual,0.2,2,broad,"266112G030 dipstick replacement",,"2025-05-09 16:37:10"
1920759936501886981,2,3,amazon_us,amazon_us_sopro,机油尺@手动@sopro35@B@0509,548374268054593,aopro250416000995,,a25041600ux0995,sopro250417013217,manual,0.2,2,broad,"266112G030 dipstick tube",,"2025-05-09 16:37:10"
1920759936506081282,2,3,amazon_us,amazon_us_sopro,机油尺@手动@sopro35@B@0509,548374268054593,aopro250416000995,,a25041600ux0995,sopro250417013217,manual,0.2,2,broad,"266112G030 oil dipstick tube",,"2025-05-09 16:37:10"
1920759936506081285,2,3,amazon_us,amazon_us_sopro,机油尺@手动@sopro35@B@0509,548374268054593,aopro250416000995,,a25041600ux0995,sopro250417013217,manual,0.2,2,broad,"266112G030 oil stick",,"2025-05-09 16:37:10"
1920759936510275586,2,3,amazon_us,amazon_us_sopro,机油尺@手动@sopro35@B@0509,548374268054593,aopro250416000995,,a25041600ux0995,sopro250417013217,manual,0.2,2,broad,"oil dip stick 266112G030",,"2025-05-09 16:37:10"
1920759936510275587,2,3,amazon_us,amazon_us_sopro,机油尺@手动@sopro35@B@0509,548374268054593,aopro250416000995,,a25041600ux0995,sopro250417013217,manual,0.2,2,broad,"oil dipstick replacement 266112G030",,"2025-05-09 16:37:10"
1920759936510275590,2,3,amazon_us,amazon_us_sopro,机油尺@手动@sopro35@B@0509,548374268054593,aopro250416000995,,a25041600ux0995,sopro250417013217,manual,0.2,2,broad,"deep stick 266112G030",,"2025-05-09 16:37:10"
1920759936510275591,2,3,amazon_us,amazon_us_sopro,机油尺@手动@sopro35@B@0509,548374268054593,aopro250416000995,,a25041600ux0995,sopro250417013217,manual,0.2,2,broad,"dipstick replacement 266112G030",,"2025-05-09 16:37:10"
1920759936514469889,2,3,amazon_us,amazon_us_sopro,机油尺@手动@sopro35@B@0509,548374268054593,aopro250416000995,,a25041600ux0995,sopro250417013217,manual,0.2,2,broad,"engine dip stick 266112G030",,"2025-05-09 16:37:10"
1920759936514469894,2,3,amazon_us,amazon_us_sopro,机油尺@手动@sopro35@B@0509,548374268054593,aopro250416000995,,a25041600ux0995,sopro250417013217,manual,0.2,2,broad,"oil level dipstick 266112G030",,"2025-05-09 16:37:10"
1920759936522858504,2,3,amazon_us,amazon_us_sopro,机油尺@手动@sopro35@B@0509,548374268054593,aopro250416000995,,a25041600ux0995,sopro250417013217,manual,0.2,2,broad,"oil deep stick for 266112G030",,"2025-05-09 16:37:10"
1920760061760581632,2,3,amazon_us,amazon_us_sopro,机油尺@手动@sopro35@P@0509,344293652377837,aopro250416000995,,a25041600ux0995,sopro250417013217,manual,0.25,2,phrase,"266112G030 dip stick",,"2025-05-09 16:37:39"
1920760061760581633,2,3,amazon_us,amazon_us_sopro,机油尺@手动@sopro35@P@0509,,aopro250416000995,,a25041600ux0995,sopro250417013217,manual,0.25,2,phrase,"266112G030 dipstick",,"2025-05-09 16:37:39"
1920760061760581634,2,3,amazon_us,amazon_us_sopro,机油尺@手动@sopro35@P@0509,,aopro250416000995,,a25041600ux0995,sopro250417013217,manual,0.25,2,phrase,"266112G030 oil dipstick",,"2025-05-09 16:37:39"
1920760061760581636,2,3,amazon_us,amazon_us_sopro,机油尺@手动@sopro35@P@0509,344293652377837,aopro250416000995,,a25041600ux0995,sopro250417013217,manual,0.25,2,phrase,"266112G030 oil dipstick replacement",,"2025-05-09 16:37:39"
1920760061764775936,2,3,amazon_us,amazon_us_sopro,机油尺@手动@sopro35@P@0509,344293652377837,aopro250416000995,,a25041600ux0995,sopro250417013217,manual,0.25,2,phrase,"266112G030 engine oil dipstick",,"2025-05-09 16:37:39"
1920760061764775937,2,3,amazon_us,amazon_us_sopro,机油尺@手动@sopro35@P@0509,,aopro250416000995,,a25041600ux0995,sopro250417013217,manual,0.25,2,phrase,"266112G030 oil dip stick replacement",,"2025-05-09 16:37:39"
1920760061764775938,2,3,amazon_us,amazon_us_sopro,机油尺@手动@sopro35@P@0509,344293652377837,aopro250416000995,,a25041600ux0995,sopro250417013217,manual,0.25,2,phrase,"266112G030 deep stick",,"2025-05-09 16:37:39"
1920760061764775940,2,3,amazon_us,amazon_us_sopro,机油尺@手动@sopro35@P@0509,344293652377837,aopro250416000995,,a25041600ux0995,sopro250417013217,manual,0.25,2,phrase,"266112G030 dipstick tube",,"2025-05-09 16:37:39"
1920760061764775941,2,3,amazon_us,amazon_us_sopro,机油尺@手动@sopro35@P@0509,344293652377837,aopro250416000995,,a25041600ux0995,sopro250417013217,manual,0.25,2,phrase,"266112G030 engine dip stick",,"2025-05-09 16:37:39"
1920760061764775942,2,3,amazon_us,amazon_us_sopro,机油尺@手动@sopro35@P@0509,344293652377837,aopro250416000995,,a25041600ux0995,sopro250417013217,manual,0.25,2,phrase,"266112G030 engine dipstick",,"2025-05-09 16:37:39"
1920760061764775943,2,3,amazon_us,amazon_us_sopro,机油尺@手动@sopro35@P@0509,344293652377837,aopro250416000995,,a25041600ux0995,sopro250417013217,manual,0.25,2,phrase,"266112G030 engine oil level dipstick",,"2025-05-09 16:37:39"
1920760061764775944,2,3,amazon_us,amazon_us_sopro,机油尺@手动@sopro35@P@0509,344293652377837,aopro250416000995,,a25041600ux0995,sopro250417013217,manual,0.25,2,phrase,"266112G030 oil deep stick",,"2025-05-09 16:37:39"
1920760061764775948,2,3,amazon_us,amazon_us_sopro,机油尺@手动@sopro35@P@0509,344293652377837,aopro250416000995,,a25041600ux0995,sopro250417013217,manual,0.25,2,phrase,"266112G030 oil stick",,"2025-05-09 16:37:39"
1920760061768970240,2,3,amazon_us,amazon_us_sopro,机油尺@手动@sopro35@P@0509,344293652377837,aopro250416000995,,a25041600ux0995,sopro250417013217,manual,0.25,2,phrase,"266112G030 transmission dipstick",,"2025-05-09 16:37:39"
1920760061768970246,2,3,amazon_us,amazon_us_sopro,机油尺@手动@sopro35@P@0509,344293652377837,aopro250416000995,,a25041600ux0995,sopro250417013217,manual,0.25,2,phrase,"engine oil dipstick 266112G030",,"2025-05-09 16:37:39"
1920760061768970249,2,3,amazon_us,amazon_us_sopro,机油尺@手动@sopro35@P@0509,344293652377837,aopro250416000995,,a25041600ux0995,sopro250417013217,manual,0.25,2,phrase,"dipstick replacement 266112G030",,"2025-05-09 16:37:39"
1920760061777358850,2,3,amazon_us,amazon_us_sopro,机油尺@手动@sopro35@P@0509,344293652377837,aopro250416000995,,a25041600ux0995,sopro250417013217,manual,0.25,2,phrase,"dipstick tube for 266112G030",,"2025-05-09 16:37:39"
1920760191779868672,2,3,amazon_us,amazon_us_sopro,机油尺@手动@sopro35@E@0509,409741722556159,aopro250416000995,,a25041600ux0995,sopro250417013217,manual,0.3,2,exact,"266112G030 dip stick",,"2025-05-09 16:38:10"
1920760191784062977,2,3,amazon_us,amazon_us_sopro,机油尺@手动@sopro35@E@0509,409741722556159,aopro250416000995,,a25041600ux0995,sopro250417013217,manual,0.3,2,exact,"266112G030 oil dipstick",,"2025-05-09 16:38:10"
1920760191784062980,2,3,amazon_us,amazon_us_sopro,机油尺@手动@sopro35@E@0509,409741722556159,aopro250416000995,,a25041600ux0995,sopro250417013217,manual,0.3,2,exact,"266112G030 engine oil dipstick",,"2025-05-09 16:38:10"
1920760191784062981,2,3,amazon_us,amazon_us_sopro,机油尺@手动@sopro35@E@0509,409741722556159,aopro250416000995,,a25041600ux0995,sopro250417013217,manual,0.3,2,exact,"266112G030 oil dip stick replacement",,"2025-05-09 16:38:10"
1920760191784062982,2,3,amazon_us,amazon_us_sopro,机油尺@手动@sopro35@E@0509,409741722556159,aopro250416000995,,a25041600ux0995,sopro250417013217,manual,0.3,2,exact,"266112G030 deep stick",,"2025-05-09 16:38:10"
1920760191784062984,2,3,amazon_us,amazon_us_sopro,机油尺@手动@sopro35@E@0509,409741722556159,aopro250416000995,,a25041600ux0995,sopro250417013217,manual,0.3,2,exact,"266112G030 dipstick tube",,"2025-05-09 16:38:10"
1920760191784062986,2,3,amazon_us,amazon_us_sopro,机油尺@手动@sopro35@E@0509,409741722556159,aopro250416000995,,a25041600ux0995,sopro250417013217,manual,0.3,2,exact,"266112G030 engine dipstick",,"2025-05-09 16:38:10"
1920760191788257280,2,3,amazon_us,amazon_us_sopro,机油尺@手动@sopro35@E@0509,409741722556159,aopro250416000995,,a25041600ux0995,sopro250417013217,manual,0.3,2,exact,"266112G030 oil dipstick tube",,"2025-05-09 16:38:10"
1920760191788257283,2,3,amazon_us,amazon_us_sopro,机油尺@手动@sopro35@E@0509,409741722556159,aopro250416000995,,a25041600ux0995,sopro250417013217,manual,0.3,2,exact,"266112G030 oil stick",,"2025-05-09 16:38:10"
1920760191788257294,2,3,amazon_us,amazon_us_sopro,机油尺@手动@sopro35@E@0509,409741722556159,aopro250416000995,,a25041600ux0995,sopro250417013217,manual,0.3,2,exact,"dipstick tube 266112G030",,"2025-05-09 16:38:10"
1920760191792451588,2,3,amazon_us,amazon_us_sopro,机油尺@手动@sopro35@E@0509,409741722556159,aopro250416000995,,a25041600ux0995,sopro250417013217,manual,0.3,2,exact,"oil dipstick tube 266112G030",,"2025-05-09 16:38:10"
1920760191792451594,2,3,amazon_us,amazon_us_sopro,机油尺@手动@sopro35@E@0509,409741722556159,aopro250416000995,,a25041600ux0995,sopro250417013217,manual,0.3,2,exact,"dipstick for 266112G030",,"2025-05-09 16:38:10"
1920760191792451598,2,3,amazon_us,amazon_us_sopro,机油尺@手动@sopro35@E@0509,409741722556159,aopro250416000995,,a25041600ux0995,sopro250417013217,manual,0.3,2,exact,"engine oil dipstick for 266112G030",,"2025-05-09 16:38:10"
1920760191800840195,2,3,amazon_us,amazon_us_sopro,机油尺@手动@sopro35@E@0509,409741722556159,aopro250416000995,,a25041600ux0995,sopro250417013217,manual,0.3,2,exact,"transmission dipstick for 266112G030",,"2025-05-09 16:38:10"
1920773163235414016,2,3,amazon_us,amazon_us_ifn,ifn/专车专用水温传感器/ifn35/B/0509,,IFN250414a001166,,IFN250414a001166,IFN250415s009599,manual,0.2,2,broad,"277223RA0A coolant temp sensor",,"2025-05-09 17:29:43"
1920773163235414017,2,3,amazon_us,amazon_us_ifn,ifn/专车专用水温传感器/ifn35/B/0509,,IFN250414a001166,,IFN250414a001166,IFN250415s009599,manual,0.2,2,broad,"277223RA0A coolant sensor",,"2025-05-09 17:29:43"
1920773163235414019,2,3,amazon_us,amazon_us_ifn,ifn/专车专用水温传感器/ifn35/B/0509,344430198524415,IFN250414a001166,,IFN250414a001166,IFN250415s009599,manual,0.2,2,broad,"277223RA0A temp sensor",,"2025-05-09 17:29:43"
1920773163239608321,2,3,amazon_us,amazon_us_ifn,ifn/专车专用水温传感器/ifn35/B/0509,344430198524415,IFN250414a001166,,IFN250414a001166,IFN250415s009599,manual,0.2,2,broad,"277223RA0A water temperature sensor",,"2025-05-09 17:29:43"
1920773163243802624,2,3,amazon_us,amazon_us_ifn,ifn/专车专用水温传感器/ifn35/B/0509,344430198524415,IFN250414a001166,,IFN250414a001166,IFN250415s009599,manual,0.2,2,broad,"277223RA0A thermo sensor",,"2025-05-09 17:29:43"
1920773163247996932,2,3,amazon_us,amazon_us_ifn,ifn/专车专用水温传感器/ifn35/B/0509,344430198524415,IFN250414a001166,,IFN250414a001166,IFN250415s009599,manual,0.2,2,broad,"engine coolant sensor 277223RA0A",,"2025-05-09 17:29:43"
1920773163247996933,2,3,amazon_us,amazon_us_ifn,ifn/专车专用水温传感器/ifn35/B/0509,344430198524415,IFN250414a001166,,IFN250414a001166,IFN250415s009599,manual,0.2,2,broad,"fan coolant sensor 277223RA0A",,"2025-05-09 17:29:43"
1920781645086986240,2,3,amazon_ca,amazon_ca_ac1,AC_通用水温传感器_manual_ac35_593,,accar250211000734,,a25021100ux0734,sccar250424003476,manual,0.3,2,exact,"32 coolant temp adapter",,"2025-05-09 18:03:25"
1920781645091180544,2,3,amazon_ca,amazon_ca_ac1,AC_通用水温传感器_manual_ac35_593,,accar250211000734,,a25021100ux0734,sccar250424003476,manual,0.3,2,exact,"32 coolant temperature adapter",,"2025-05-09 18:03:25"
1920781645091180545,2,3,amazon_ca,amazon_ca_ac1,AC_通用水温传感器_manual_ac35_593,,accar250211000734,,a25021100ux0734,sccar250424003476,manual,0.3,2,exact,"32 temperature sensor for car",,"2025-05-09 18:03:25"
1920781645091180546,2,3,amazon_ca,amazon_ca_ac1,AC_通用水温传感器_manual_ac35_593,358030677594976,accar250211000734,,a25021100ux0734,sccar250424003476,manual,0.3,2,exact,"32 radiator hose adapter",,"2025-05-09 18:03:25"
1920781645091180547,2,3,amazon_ca,amazon_ca_ac1,AC_通用水温传感器_manual_ac35_593,358030677594976,accar250211000734,,a25021100ux0734,sccar250424003476,manual,0.3,2,exact,"32 radiator temperature sensor",,"2025-05-09 18:03:25"
1920781645091180548,2,3,amazon_ca,amazon_ca_ac1,AC_通用水温传感器_manual_ac35_593,,accar250211000734,,a25021100ux0734,sccar250424003476,manual,0.3,2,exact,"32 coolant temp sensor",,"2025-05-09 18:03:25"
1920781645091180549,2,3,amazon_ca,amazon_ca_ac1,AC_通用水温传感器_manual_ac35_593,,accar250211000734,,a25021100ux0734,sccar250424003476,manual,0.3,2,exact,"32 coolant temp gauge kit",,"2025-05-09 18:03:25"
1920781645091180550,2,3,amazon_ca,amazon_ca_ac1,AC_通用水温传感器_manual_ac35_593,358030677594976,accar250211000734,,a25021100ux0734,sccar250424003476,manual,0.3,2,exact,"32 car thermometer",,"2025-05-09 18:03:25"
1920781645091180552,2,3,amazon_ca,amazon_ca_ac1,AC_通用水温传感器_manual_ac35_593,,accar250211000734,,a25021100ux0734,sccar250424003476,manual,0.3,2,exact,"32 temp gauge automotive",,"2025-05-09 18:03:25"
1920781645095374849,2,3,amazon_ca,amazon_ca_ac1,AC_通用水温传感器_manual_ac35_593,358030677594976,accar250211000734,,a25021100ux0734,sccar250424003476,manual,0.3,2,exact,"32 water temperature sensor",,"2025-05-09 18:03:25"
1920781645095374851,2,3,amazon_ca,amazon_ca_ac1,AC_通用水温传感器_manual_ac35_593,358030677594976,accar250211000734,,a25021100ux0734,sccar250424003476,manual,0.3,2,exact,"32 Temperature Gauge",,"2025-05-09 18:03:25"
1920781645095374856,2,3,amazon_ca,amazon_ca_ac1,AC_通用水温传感器_manual_ac35_593,,accar250211000734,,a25021100ux0734,sccar250424003476,manual,0.3,2,exact,"32 Coolant Gauge",,"2025-05-09 18:03:25"
1920781645095374857,2,3,amazon_ca,amazon_ca_ac1,AC_通用水温传感器_manual_ac35_593,,accar250211000734,,a25021100ux0734,sccar250424003476,manual,0.3,2,exact,"32 Temperature Sensor",,"2025-05-09 18:03:25"
1920781645099569152,2,3,amazon_ca,amazon_ca_ac1,AC_通用水温传感器_manual_ac35_593,358030677594976,accar250211000734,,a25021100ux0734,sccar250424003476,manual,0.3,2,exact,"32 car digital temperature gauge",,"2025-05-09 18:03:25"
1920781645099569157,2,3,amazon_ca,amazon_ca_ac1,AC_通用水温传感器_manual_ac35_593,358030677594976,accar250211000734,,a25021100ux0734,sccar250424003476,manual,0.3,2,exact,"32 water temperature gauge adapter kit",,"2025-05-09 18:03:25"
1920781645099569158,2,3,amazon_ca,amazon_ca_ac1,AC_通用水温传感器_manual_ac35_593,358030677594976,accar250211000734,,a25021100ux0734,sccar250424003476,manual,0.3,2,exact,"32 auto temperature dial",,"2025-05-09 18:03:25"
1920781645099569159,2,3,amazon_ca,amazon_ca_ac1,AC_通用水温传感器_manual_ac35_593,358030677594976,accar250211000734,,a25021100ux0734,sccar250424003476,manual,0.3,2,exact,"32 digital dial engine temperature",,"2025-05-09 18:03:25"
1920781645099569161,2,3,amazon_ca,amazon_ca_ac1,AC_通用水温传感器_manual_ac35_593,358030677594976,accar250211000734,,a25021100ux0734,sccar250424003476,manual,0.3,2,exact,"coolant temperature adapter 32",,"2025-05-09 18:03:25"
1920781645107957762,2,3,amazon_ca,amazon_ca_ac1,AC_通用水温传感器_manual_ac35_593,358030677594976,accar250211000734,,a25021100ux0734,sccar250424003476,manual,0.3,2,exact,"water temp gauge with adapter 32",,"2025-05-09 18:03:25"
1920781645166678026,2,3,amazon_ca,amazon_ca_ac1,AC_通用水温传感器_manual_ac35_593,358030677594976,accar250211000721,,a25021100ux0721,sccar250424003480,manual,0.3,2,exact,"32 coolant temp adapter",,"2025-05-09 18:03:25"
1920781645565136899,2,3,amazon_ca,amazon_ca_ac1,AC_通用水温传感器_manual_ac35_593,358030677594976,accar250211000694,,a25021100ux0694,sccar250424003493,manual,0.3,2,exact,"30 Water Gauge",,"2025-05-09 18:03:25"
