product_id,channel,seller_id,sale_oe_number,fba_upload_on_time
a26012100ux0169,amazon_us,amazon_us_ifn,NI2590102/DS684B0000/DS684-B0000/26150EA025/26150-EA025/P14899CAPA,2026/3/23 15:20
a26031200ux3689,amazon_us,amazon_us_luck,16700-MCV-R12/16700-MCV-R13/16700-MKC-A01,2026/3/31 15:30
a26030200ux2443,amazon_ca,amazon_ca_find,74320-48500-B0/74320-0E050-B0,2026/4/7 17:13
a26012000ux0086,amazon_ca,amazon_ca_hero,583903X000/583903X100/58390-3X000/58390-3X100,2026/3/26 0:00
a26031000ux2799,amazon_us,amazon_us_luck,77024-02120,2026/3/31 15:21
a26012600ux0034,amazon_us,amazon_us_ifn,34105SNB003/34105-SNB-003,2026/3/10 11:21
a26020400ux0045,amazon_ca,amazon_ca_ifn,371803W000/37180-3W000,2026/3/25 18:20
a26030200ux2443,amazon_us,amazon_us_find,74320-48500-B0/74320-0E050-B0,2026/3/24 10:23
a26030900ux0098,amazon_us,amazon_us_tuc,1577762020/1577862030/15777-62020/15778-62030,2026/3/31 11:30
a26012600ux0112,amazon_ca,amazon_ca_ifn,90982-05054/90982-06059/9098206059/9098205054,2026/3/24 10:10
a26030200ux2269,amazon_ca,amazon_ca_find,063800-0560/0638000560,2026/3/30 10:10
a26020200ux1519,amazon_ca,amazon_ca_ac1,53867-35020/53866-35030/53867350205/386635030,2026/3/23 11:05
a26030200ux2340,amazon_us,amazon_us_tuto,16576-1KA0A / 16576-1KT0A / 16576-3DB0A,2026/4/13 16:55
a26020200ux1516,amazon_us,amazon_us_ac1,74210-TR0-A00/74220-TR0-A00,2026/3/17 14:57
a26012900ux1814,amazon_us,amazon_us_find,79350S0XA01/79350S84A01/604-441/604441/73563,2026/2/28 9:50
a26032100ux0110,amazon_us,amazon_us_tuto,90502CY00A/90502-CY00A/NI1911106C/NI1911106D/NI1911106DSC/NI1911106N/NI1911106P,2026/4/13 10:45
a25122600ux0101,amazon_uk,amazon_uk_sopro,23323779/22740367/590-110/GM1960113/590110,2026/3/16 15:45
a26012200ux0132,amazon_au,amazon_au_tuto,539110311/539110411/607163/14259/12400/1651-43/754-0230/754-0261/954-0230,2026/4/15 22:31
a26020300ux0189,amazon_uk,amazon_uk_tuto,261608990A/26160-8990A,2026/3/17 10:55
a26033100ux2698,amazon_us,amazon_us_ac1,69211-06090-C0/6921106090/6921706370/6921106090C0/6925006020C0,2026/4/14 11:33
a26031000ux2803,amazon_ca,amazon_ca_luck,15100-29G00/1510029G00,2026/4/13 21:05
a25121700ux1813,amazon_ca,amazon_ca_tuto,6H1-45251-02-00/6H1-45251-03-00/6H145251/12884/01115 /CM6H14525102Z/18-6091,2026/3/6 11:29
a26032500ux1130,amazon_us,amazon_us_tuto,664-45371-01/67C-45371-00,2026/4/13 11:28
a26020200ux1461,amazon_us,amazon_us_luck,E8240/100-350/E8237/FP7901-034/152-0913/1520913/SP1217/P72247/FE0410/151008G/SP9006H/23221-50060/23221-32020/2322000020/232200C010/2322103040/232210A030/2322116490/2322128280/2322146060/2322162010/2322166040/2322174110/7702002181/88972523/94856915/94858837,2026/3/27 22:47
a26012700ux0229,amazon_us,amazon_us_swi,93700-3S000/93700-3S000-RY/937003S000/937003S000RY,2026/3/18 10:50
a26012600ux0115,amazon_us,amazon_us_ifn,81970-C5A00/81970C5A00,2026/3/3 10:11
a26012600ux0121,amazon_us,amazon_us_swi,35880-T0A-A12/35880-T0A-A11/35880T0AA12/35880T0AA11,2026/3/10 9:50
a26030200ux2429,amazon_us,amazon_us_find,96401-1AA1B/96401-1AA1A/NHILESSV022/EZ 4130,2026/3/26 13:56
a26031600ux1772,amazon_ca,amazon_ca_ac1,53866-0E100/538660E100,2026/4/10 12:08
a26033100ux2764,amazon_us,amazon_us_ac1,80640-1LA0B/80640-1LA0D/806401LA0B/806401LA0D,2026/4/17 17:05
a26013000ux0141,amazon_uk,amazon_uk_tuto,813201Y030/81320-1Y030,2026/4/14 12:01
a26020900ux0032,amazon_ca,amazon_ca_hero,23319285/600914/19256065/600-914/19258697/84115497/84718572/V51860005,2026/4/1 0:00
a26031900ux1597,amazon_ca,amazon_ca_swi,25550-6RF2B/25550-6RF2C/25550-6RF2A/255506RF2B/255506RF2C/255506RF2A,2026/4/14 17:41
a26032500ux1129,amazon_us,amazon_us_tuto,55125-90J00/55125-90J01/09116-08137/5032929/5034400,2026/4/13 11:28
a26030200ux2427,amazon_ca,amazon_ca_find,96401-1AA1B/96401-1AA1A/NHILESSV022/EZ 4130,2026/4/10 11:21
a26031200ux3635,amazon_us,amazon_us_rock,82651-D9710/82661-D9710/82651D9710/82661D9710,2026/3/31 10:20
a26032500ux1132,amazon_us,amazon_us_tuto,6CE-45373-00,2026/4/13 11:28
a26030300ux0121,amazon_us,amazon_us_ifn,265518J000/26551-8J000,2026/3/27 12:45
a26020200ux1521,amazon_ca,amazon_ca_ac1,55084-0D010/55083-0D040/550840D010/550830D040,2026/3/5 16:11
a26030200ux2428,amazon_us,amazon_us_find,96401-1AA1B/96401-1AA1A/NHILESSV022/EZ 4130,2026/3/26 14:08
a26031200ux3631,amazon_ca,amazon_ca_rock,82651-G5000/82651G5000,2026/4/14 0:00
a26012600ux0097,amazon_uk,amazon_uk_tuto,8050300Q1K/805030009R/4419256/80503-00Q1K/93197289,2026/3/18 13:10
a25070700ux1403,amazon_au,amazon_au_tuto,22680-AA360/AFH70M-59A/AFH70M59A/22680AA360/ 86327/0890311/38.925/38925/558246/7516327/N5407002/7.22184.66.0/722184660 /22680-FU460/22680FU460/AFH70N-42/AFH70N42/22204-15030/2220415030,2026/4/15 22:31
a26012700ux0229,amazon_ca,amazon_ca_swi,93700-3S000/93700-3S000-RY/937003S000/937003S000RY,2026/3/20 10:05
a26030200ux2442,amazon_ca,amazon_ca_find,74320-48500-B0/74320-0E050-B0,2026/4/7 17:13
a26030500ux1715,amazon_us,amazon_us_bull,C03054-26,2026/3/23 9:50
a26031800ux0265,amazon_us,amazon_us_ifn,81970-1RA00/819701RA00,2026/4/7 15:35
a26022500ux0868,amazon_ca,amazon_ca_rock,69218-53021/6921853021,2026/4/9 14:28
a26021300ux0010,amazon_us,amazon_us_hero,45255STKA00/45255-STK-A00,2026/3/28 3:45
a25101700ux0245,amazon_ca,amazon_ca_rrc,95760-G5000/95760-G5500/95760G5000/95760G5500/KI1960146,2026/2/28 20:50
a26031600ux1782,amazon_ca,amazon_ca_ac1,53824-02070/53823-02070,2026/4/16 11:10
a26022500ux0868,amazon_us,amazon_us_rock,69218-53021/6921853021,2026/4/1 14:58
a26020200ux1516,amazon_ca,amazon_ca_ac1,74210-TR0-A00/74220-TR0-A00,2026/3/23 11:23
a26030200ux2427,amazon_us,amazon_us_find,96401-1AA1B/96401-1AA1A/NHILESSV022/EZ 4130,2026/3/26 13:56
a26022500ux0867,amazon_us,amazon_us_rock,69218-53021/6921853021,2026/3/30 12:25
a26011900ux1835,amazon_us,amazon_us_tuto,72650SWAA01/72650-SWA-A01/DLA1001,2026/3/26 12:00
a26012700ux1725,amazon_us,amazon_us_ifn,69051-33140/69052-33140/69051-33150/69052-33150/6905133140/6905233140/6905133150/6905233150,2026/4/14 10:50
a25121700ux1815,amazon_ca,amazon_ca_tuto,6E5-45371-01-00/6E5-45371-10-00/6E545371/12744/CM6E54537101Z/01103/18-6097,2026/3/6 11:29
a26020400ux0053,amazon_us,amazon_us_hero,19300596/600943/48116/600-943/48-116,2026/3/31 10:00
a26020900ux0027,amazon_ca,amazon_ca_swi,LB5Z-14529-BA/LB5Z-14529-BC/LB5Z-14529-AC/LB5Z-14529-AA/SW-8444,2026/4/10 11:32
a26020900ux0040,amazon_us,amazon_us_swi,93570-B2100CA/93570-B2130CA/93570B2100CA/93570B2130CA,2026/3/17 19:06
a26012100ux0168,amazon_ca,amazon_ca_ifn,33961T0AA00/33961-T0A-A00/33966T0AA00/33966-T0A-A00/HO2602102/HO2603102,2026/3/26 18:35
a26012900ux1820,amazon_ca,amazon_ca_find,8G1Z19E616B/8G1Z19E616C/8G1Z19E616B/8G1Z19E616C/604-253,2026/3/6 15:26
a26020900ux0041,amazon_ca,amazon_ca_swi,93570-B2010CA/93570B2010CA/1S16460,2026/3/25 21:41
a26012700ux0185,amazon_us,amazon_us_tuto,"For Ford P/N: E0NN5N206AA17M
For John Deere P/N: AL28307
For Massey Ferguson P/N: 273738M91
For Allis Chalmers P/N: 70244344/70244344V/83946845
For Zetor UR3 Series: 10520/10540/10641/11641/8520/8540/8621/8641/9520/9540/9621/9641
For Various P/N: 374-8/11039/RC8/WC8/11009/367-8/S.19781/1039/83946845/Z11039",2026/3/17 11:41
a25121700ux1795,amazon_ca,amazon_ca_sopro,1581889/12647180/12673280/12670209/12678784/15-81889,2026/3/7 15:15
a26012600ux0121,amazon_ca,amazon_ca_swi,35880-T0A-A12/35880-T0A-A11/35880T0AA12/35880T0AA11,2026/3/26 19:40
a25122300ux1650,amazon_ca,amazon_ca_ifn,751-598/751598/72215TK8A01/72215-TK8-A01,2026/3/31 12:16
a26030200ux2271,amazon_ca,amazon_ca_find,063800-0560/0638000560/0637008930,2026/3/30 10:10
a26031000ux2881,amazon_ca,amazon_ca_yuru,90311-47013/18478/710595/0523749/G0240/9031147010/9031147013/9031147021/9031147026/90311T0016/90311T0035/90311-47010/90311-47021/90311-47026/90311-T0016/90311-T0035/90311 47010/90311 47021/90311 47026/90311 T0016/90311 T0035/ 90311-47027/710596/9031147011/9031147012/9031147020/9031147027/90311T0015/90311T0037/90311-47011/90311-47012/90311-47020/90311-T0015/90311T-0037/90311 47011/90311 47012/90311 47020/90311 T0015/90311T 0037,2026/4/9 11:41
a26020900ux0040,amazon_ca,amazon_ca_swi,93570-B2100CA/93570-B2130CA/93570B2100CA/93570B2130CA,2026/3/25 21:41
a26013000ux0218,amazon_us,amazon_us_sopro,86790-04030/8679004030/590088/PAC131,2026/3/2 11:41
a26012100ux0183,amazon_ca,amazon_ca_swi,93420-1R200/934201R200/4201R200/1S11373/WP531/740131,2026/3/25 21:52
a25101500ux0181,amazon_ca,amazon_ca_ifn,77350-42070/7735042070,2026/3/28 0:00
a26012900ux1834,amazon_us,amazon_us_find,AA5Z19E616B/AA5Z19E616C/604-234/AA5Z-19E616-C,2026/3/6 19:30
a26012900ux1796,amazon_us,amazon_us_find,1572505/604113/604-113/52473356,2026/2/28 9:50
a26020300ux1755,amazon_ca,amazon_ca_ac1,53867-52160/53866-52140,2026/3/5 16:11
a26020200ux1523,amazon_ca,amazon_ca_ac1,55753-02250/55754-02250,2026/3/5 16:11
a26031600ux1776,amazon_ca,amazon_ca_ac1,53867-0E030/53866-0E030/538670E030/538660E030,2026/4/16 11:10
a26013000ux0215,amazon_ca,amazon_ca_moto,26060073/600-101/600101/8260600730/8-26060-073-0,2026/3/30 11:50
a26031000ux2887,amazon_ca,amazon_ca_yuru,33142-4BA0C/33142 4BA0C/331424BA0C,2026/4/9 11:42
a26012600ux0110,amazon_us,amazon_us_ifn,24380-JA00B/24380JA00B/243407F003,2026/3/2 11:10
a26030500ux1695,amazon_uk,amazon_uk_hope,3261317/NA01515FX/8BN151120/MA2550107/MA2551107/232-61317,2026/3/26 12:01
a26030200ux2428,amazon_ca,amazon_ca_find,96401-1AA1B/96401-1AA1A/NHILESSV022/EZ 4130,2026/4/10 11:21
a26030200ux2441,amazon_us,amazon_us_find,83280-TA0-A91ZB/83230-TA0-A91ZB,2026/3/26 13:56
a26032400ux1696,amazon_us,amazon_us_hero,69205-20210-E1/6920520210E1,2026/4/14 20:27
a26021300ux0005,amazon_us,amazon_us_tuc,6861047040/68610-47040,2026/3/26 14:50
a26032400ux1694,amazon_us,amazon_us_hero,69206-20210-C0/6920620210C0/81266,2026/4/14 20:26
a26032400ux0167,amazon_us,amazon_us_ac1,A2271173000/HLK7037/A22-71173-000,2026/4/16 11:25
a25122400ux2091,amazon_us,amazon_us_ifn,741-099/69804-48031/85720-32150/741099/6980448031/8572032150/389312,2026/3/6 12:02
a25122900ux0221,amazon_ca,amazon_ca_swi,55900-35360/55910-35231/55910-35230/55900-35361/655-50917/5590035360/5591035231/5591035230/5590035361/65550917,2026/4/13 11:40
a26030500ux1636,amazon_us,amazon_us_luux,30410MR1611/30410-MR1-611,2026/3/23 10:00
a25123000ux0171,amazon_ca,amazon_ca_luux,25895883/4010022/40-10022/20907861,2026/4/14 11:10
a26012900ux1832,amazon_us,amazon_us_find,971571JAA0/604-330/604330,2026/2/28 9:50
a26020300ux1748,amazon_ca,amazon_ca_ac1,861532S000/861542S000/86153-2S000/86154-2S000,2026/3/25 12:20
a26031900ux4314,amazon_us,amazon_us_tuto,696324/696-324/696 324/6C3Z9C623A,2026/4/15 16:10
a26030500ux1691,amazon_us,amazon_us_hope,63137164755/63137164756/63137164757/63137164758/63-13-6-906-393/63-13-6-906-394/63-13-8-379-686/63-13-8-379-685,2026/3/23 10:10
a26011300ux0029,amazon_ca,amazon_ca_swi,901-061/15037124/19244091/15739830/19244093/901061,2026/3/20 15:05
a26032400ux1673,amazon_us,amazon_us_tuto,1788175210/17881-75210,2026/4/13 10:45
a26011300ux0029,amazon_us,amazon_us_swi,901-061/15037124/19244091/15739830/19244093/901061,2026/3/2 10:50
a25121900ux0227,amazon_ca,amazon_ca_ifn,EG2159590B/748-093/389532/125-50176L,2026/4/1 11:41
a26020300ux1748,amazon_us,amazon_us_ac1,861532S000/861542S000/86153-2S000/86154-2S000,2026/3/25 12:20
a26010500ux1918,amazon_ca,amazon_ca_hero,4353069045/43530-69045,2026/3/6 0:00
a26030900ux0099,amazon_us,amazon_us_rock,82652S9100/82652-S9100,2026/4/14 12:40
a25122300ux1654,amazon_ca,amazon_ca_ifn,751-762/751762/72211TG7A01,2026/3/2 11:21
a25122300ux1643,amazon_us,amazon_us_ifn,748754/72250SZAA01/72250SZAA02/748-754,2026/3/2 11:19
a26012200ux0138,amazon_uk,amazon_uk_sopro,95760-G3000/95760G3000,2026/3/17 12:31
a26031100ux0270,amazon_us,amazon_us_sopro,41491904001/4149-190-4001,2026/4/14 18:40
a26011500ux1797,amazon_ca,amazon_ca_tuto,87-18286A43/87-16991A1/87-18286A2/87-18286A26,2026/4/8 11:05
a25112700ux0487,amazon_uk,amazon_uk_sopro,902-1089/BL3Z-8A586-G/BL3Z-8592-C/BL3Z-8A586-B/BR3Z-8592-B/RH-244/rh309/9021089/TA6013/RH309/86379,2026/2/28 12:56
a26013000ux0140,amazon_us,amazon_us_tuto,813101Y030/81310-1Y030,2026/3/31 12:09
a26031600ux1778,amazon_us,amazon_us_ac1,53867-0R030/53866-0R030/538670R030/538660R030,2026/4/9 15:25
a26031600ux1781,amazon_us,amazon_us_ac1,53867-0C040/53866-0C040/538670C040/538660C040,2026/4/9 15:12
a26011500ux1810,amazon_us,amazon_us_tuto,FL3Z-13A756-A/FL3Z13A756A/JL3Z-13A756-A/JL3Z13A756A,2026/3/10 15:50
a26012600ux0116,amazon_us,amazon_us_ifn,69051-42050/69051-42060/6905242060/6905142050,2026/3/26 18:45
a26032500ux1128,amazon_us,amazon_us_tuto,853762T01/3V1-60217-0/3V1602170,2026/4/13 11:28
a26031600ux1778,amazon_ca,amazon_ca_ac1,53867-0R030/53866-0R030/538670R030/538660R030,2026/4/16 11:10
a25102300ux1150,amazon_ca,amazon_ca_swi,FL3T-9E740-ABW/FL3T9E740ABW,2026/3/18 10:30
a26031600ux1780,amazon_us,amazon_us_ac1,53867-0C030/53866-0C030/538670C030/538660C030,2026/4/9 15:12
a26031700ux0885,amazon_us,amazon_us_lift,68920-48061/68920-48060/68910-48080/68910-48081/6892048061/6892048060/6891048080/6891048081,2026/4/13 21:42
a26031800ux4819,amazon_us,amazon_us_luck,75126-06A/62897-01B/62897-01/61342-00A/62897-01A/75132-06,2026/4/8 10:45
a26031600ux1781,amazon_ca,amazon_ca_ac1,53867-0C040/53866-0C040/538670C040/538660C040,2026/4/16 11:30
a26020200ux1520,amazon_ca,amazon_ca_ac1,53867-0G010/53866-0G010,2026/3/9 11:01
a26020200ux1522,amazon_ca,amazon_ca_ac1,66895-EL000/66894-EL000/66895ED50A/66894ED500,2026/3/5 16:11
a25101500ux0182,amazon_ca,amazon_ca_ifn,77350-42070/7735042070,2026/3/28 0:00
a26012700ux1719,amazon_ca,amazon_ca_ifn,69051-12490/69052-12490/6905112490/6905212490,2026/2/28 9:50
a26030200ux2340,amazon_uk,amazon_uk_tuto,16576-1KA0A / 16576-1KT0A / 16576-3DB0A,2026/3/23 11:15
a26030200ux2269,amazon_us,amazon_us_find,063800-0560/0638000560,2026/3/18 10:12
a26012700ux0224,amazon_uk,amazon_uk_tuto,17228RMAE00/17228-RMA-E00,2026/3/5 15:35
a26013000ux0140,amazon_uk,amazon_uk_tuto,813101Y030/81310-1Y030,2026/4/14 12:01
a26032400ux1761,amazon_us,amazon_us_ac1,69211-60090/69217-60150/69250-60030/69250-60010,2026/4/15 13:04
a26031000ux2881,amazon_us,amazon_us_yuru,90311-47013/18478/710595/0523749/G0240/9031147010/9031147013/9031147021/9031147026/90311T0016/90311T0035/90311-47010/90311-47021/90311-47026/90311-T0016/90311-T0035/90311 47010/90311 47021/90311 47026/90311 T0016/90311 T0035/ 90311-47027/710596/9031147011/9031147012/9031147020/9031147027/90311T0015/90311T0037/90311-47011/90311-47012/90311-47020/90311-T0015/90311T-0037/90311 47011/90311 47012/90311 47020/90311 T0015/90311T 0037,2026/3/24 11:31
a26013000ux0224,amazon_ca,amazon_ca_tuto,1K0122291C/1K0122101BC/1K0122101BB/627-004/627004,2026/3/26 13:30
a26030200ux2441,amazon_ca,amazon_ca_find,83280-TA0-A91ZB/83230-TA0-A91ZB,2026/4/10 11:21
a25121700ux1810,amazon_ca,amazon_ca_tuto,6K1-45371-01/6K1-45371-02/6K145371/GLM 12843/6J9-45371-02/6J9-45371-01/01134AL/01134/CM6K1-45371-02/CM6K1-45371-02A/CM6K1-45371-02Z/18-6121A/18-6121Z,2026/3/6 11:29
a25121600ux0170,amazon_ca,amazon_ca_moto,22787445/2278-7445,2026/3/11 17:08
a26013000ux0141,amazon_us,amazon_us_tuto,813201Y030/81320-1Y030,2026/3/31 12:09
a26012900ux1790,amazon_ca,amazon_ca_find,27732-3JC1A/277323JC1A,2026/3/6 15:26
a26031600ux1777,amazon_ca,amazon_ca_ac1,53823-02020/53824-02020/5382302020/5382402020,2026/4/16 11:10
a25123000ux0170,amazon_us,amazon_us_luux,434103/3810085Z10/3810185Z00/3881085Z10/96442580/43-4103,2026/4/10 10:35
a26020900ux0033,amazon_ca,amazon_ca_hero,600935/5143477AA/5143477AB/600-935/48-306/420-160/48-314/83-306,2026/4/7 0:00
a26031800ux0265,amazon_ca,amazon_ca_ifn,81970-1RA00/819701RA00,2026/4/13 20:40
a26012600ux0112,amazon_us,amazon_us_ifn,90982-05054/90982-06059/9098206059/9098205054,2026/3/18 9:50
a25122400ux2091,amazon_ca,amazon_ca_ifn,741-099/69804-48031/85720-32150/741099/6980448031/8572032150/389312,2026/3/31 15:28
a26011300ux0943,amazon_ca,amazon_ca_lift,804014Z030/80401-4Z030,2026/3/5 16:15
a26030200ux2438,amazon_ca,amazon_ca_find,87106-07070/87106-07071/87106-41050/604-954/604954,2026/3/23 10:15
a25123100ux0088,amazon_us,amazon_us_hero,27102449709/600-932/27107541782/27107566250/27107566296/27107568267/600932,2026/3/5 18:51
a25062000ux0838,amazon_ca,amazon_ca_hero,828764BA0A/82876-6FL0B/82876-5HA0A,2026/3/6 0:00
a26030300ux2419,amazon_us,amazon_us_rock,82662-2V020/826622V020,2026/3/25 11:00
a26030400ux2116,amazon_us,amazon_us_sopro,5033310AC/5149091AA/56028562AA/56028562AB/68199324AA/7B0906052/2MAP0303/2251049/225-1049/MAP3002/MAP1040/AS321/MP114/5S2564/ SU3352/MA0182/V3372006,2026/4/13 11:50
a26031200ux3629,amazon_ca,amazon_ca_rock,82651-G2720/82651G2720,2026/4/14 0:00
a26020900ux0041,amazon_us,amazon_us_swi,93570-B2010CA/93570B2010CA/1S16460,2026/3/18 16:34
a26020500ux1041,amazon_ca,amazon_ca_swi,5C2Z-19980-BA/5C2Z19980BA,2026/4/13 11:31
a26011500ux1801,amazon_us,amazon_us_swi,901-5107/2512518C91/3533417C91,2026/3/10 19:10
a26012100ux0169,amazon_ca,amazon_ca_ifn,NI2590102/DS684B0000/DS684-B0000/26150EA025/26150-EA025/P14899CAPA,2026/3/25 20:20
a26030500ux1605,amazon_us,amazon_us_luck,6C5-13915-00-00/6C5-13910-10-00,2026/3/27 22:16
a26030400ux2085,amazon_us,amazon_us_kilo,MD326170/E1T25972/1580978/213417/96064749/SNJ5081/82.1454/AS0078/CST1454/551367/7472482/EAT050/410580366/WG1820253/13650-56B00,2026/3/20 10:11
a26031600ux1777,amazon_us,amazon_us_ac1,53823-02020/53824-02020/5382302020/5382402020,2026/4/9 15:25
a26011500ux1810,amazon_ca,amazon_ca_tuto,FL3Z-13A756-A/FL3Z13A756A/JL3Z-13A756-A/JL3Z13A756A,2026/3/23 11:20
a26031200ux3629,amazon_us,amazon_us_rock,82651-G2720/82651G2720,2026/4/1 11:02
a26012900ux1860,amazon_ca,amazon_ca_ifn,819052W000/81905-2W000,2026/2/28 9:50
a26020200ux1471,amazon_us,amazon_us_luck,15100-27G01/15420-05H00/15610-18H00/15201-35F00/15100-44G10/15100-44H00/15100-44H01/15100-47H00/15100-47H01/15100-47H10/15100-47H11/15100-47H20/15100-48K00/15100-18H00/15100-18H10/15100-18H11/15100-18K00/15100-18K01/15100-21H00/15100-21H01/15100-27G00/15100-27G01/15100-31J00/15100-31J01/15100-37H00/15100-37H01/15100-04K00/15100-08J00/15100-08J01/15100-11J00/15100-11J01/15100-11J02/15100-14J00/15100-14J01/15100-15H10/15100-15H11/47-2032/UC-T35/5S7-13907-00,2026/4/16 10:55
a26012900ux1816,amazon_ca,amazon_ca_find,8710647100/604-438/604438/73559,2026/3/16 10:05
a25110700ux0037,amazon_ca,amazon_ca_hero,33820-02370/33820-01050,2026/2/28 0:00
a25121900ux0227,amazon_us,amazon_us_ifn,EG2159590B/748-093/389532/125-50176L,2026/3/24 12:28
a25122200ux0078,amazon_us,amazon_us_sopro,39530-TEA-A21/39530TEAA21/HO1960153,2026/2/28 17:11
a26030200ux2342,amazon_uk,amazon_uk_tuto,16576-JD00A,2026/3/23 11:15
a26011500ux1798,amazon_au,amazon_au_tuto,69J-82563-00-00/69J-82563-01-00/69J825630000/69J825630100,2026/3/12 13:51
a26030300ux0121,amazon_ca,amazon_ca_ifn,265518J000/26551-8J000,2026/4/2 16:30
a25121700ux1802,amazon_ca,amazon_ca_tuto,67F-45371-00/688-45371-01/688-45371-02/6K5-45251-00/6K5-45371-00/GLM 12881/01104/01104MG/CM6884537102Z/18-6070/18-6111,2026/3/6 11:29
a26031900ux1597,amazon_us,amazon_us_swi,25550-6RF2B/25550-6RF2C/25550-6RF2A/255506RF2B/255506RF2C/255506RF2A,2026/3/31 10:10
a26012600ux0117,amazon_us,amazon_us_ifn,81970-2KC00/819702KC00,2026/3/23 15:20
a26031200ux3638,amazon_us,amazon_us_rock,82651-A7200/82651A7200,2026/3/31 10:20
a26031600ux1774,amazon_ca,amazon_ca_ac1,53867-0E100/538670E100,2026/4/10 12:40
a25101700ux0245,amazon_uk,amazon_uk_rrc,95760-G5000/95760-G5500/95760G5000/95760G5500/KI1960146,2026/3/3 19:33
a26031500ux0731,amazon_us,amazon_us_tuto,68232439AC/68232439AD/68232439AF/68232439AG/937707/DLA2030/937-707,2026/4/14 11:44
a26030300ux2416,amazon_us,amazon_us_rock,82652-F2010/82652F2010,2026/3/25 11:00
a26011500ux1797,amazon_us,amazon_us_tuto,87-18286A43/87-16991A1/87-18286A2/87-18286A26,2026/3/27 11:35
a26020300ux0189,amazon_us,amazon_us_tuto,261608990A/26160-8990A,2026/4/14 12:00
a26031700ux1442,amazon_us,amazon_us_luck,49040-0012/49040-0008/49040-0016/49040-1083/49040-0001/670E5075/99999-0523/99999-0520/49040-0007/49040-1074,2026/4/8 10:45
a25120100ux0249,amazon_ca,amazon_ca_hero,E7TF7B033A/E7TZ7A110C/E7TF-7B033-A/E7TZ-7A110-C/E7TZC-7A110-D,2026/3/17 10:21
a26032000ux0395,amazon_us,amazon_us_sopro,28400Z9L004/28400Z9L014/28400Z9V004/28400Z9V014/28400-Z9V-014/28400-Z9L-004/28400-Z9L-014/28400-Z9V-004,2026/4/15 11:50
a26030200ux2439,amazon_us,amazon_us_find,83280-TA0-A91ZB/83230-TA0-A91ZB,2026/3/26 13:56
a25122600ux0101,amazon_ca,amazon_ca_sopro,23323779/22740367/590-110/GM1960113/590110,2026/3/16 15:00
a26031500ux0718,amazon_us,amazon_us_sopro,276-050-57-01/2760505701/2760504101,2026/4/15 11:50
a26012600ux0122,amazon_ca,amazon_ca_swi,96720-J9110/96720J9110/96720-J9110-TMT,2026/3/26 19:40
a26012600ux0139,amazon_us,amazon_us_luux,FS19761/WF10311/PF7894/23304E0020/23304-E0020/102529/L9721FXL,2026/3/14 15:10
a25121700ux1821,amazon_ca,amazon_ca_moto,"BL3Z2268A/BL3Z-2268-A/2201836/H621808
BL3Z2267A/BL3Z-2267-A/2201837/H621806",2026/3/25 16:30
a26012600ux0110,amazon_ca,amazon_ca_ifn,24380-JA00B/24380JA00B/243407F003,2026/3/13 10:05
a25123000ux0170,amazon_ca,amazon_ca_luux,434103/3810085Z10/3810185Z00/3881085Z10/96442580/43-4103,2026/4/14 11:00
a26030200ux2429,amazon_ca,amazon_ca_find,96401-1AA1B/96401-1AA1A/NHILESSV022/EZ 4130,2026/4/10 11:21
a26020500ux1042,amazon_us,amazon_us_swi,27510-ED50A/27510ED50A,2026/3/18 11:05
a26031200ux3602,amazon_us,amazon_us_kilo,131-1122,2026/3/27 10:30
a25121900ux0229,amazon_us,amazon_us_ifn,EG2158590B/748-094/389533,2026/3/24 12:28
a26012600ux0111,amazon_us,amazon_us_ifn,926-878/926878/FU5Z14450A/FU5Z-14450-A,2026/3/2 11:10
a26031600ux1780,amazon_ca,amazon_ca_ac1,53867-0C030/53866-0C030/538670C030/538660C030,2026/4/16 11:30
a25122600ux0100,amazon_us,amazon_us_sopro,39530-T3L-A01/590-168/39530T3LA01/590168/PAC557,2026/4/15 11:20
a26012900ux1793,amazon_ca,amazon_ca_find,1573952/89018374/604-112/604112/15-73952,2026/3/6 15:26
a26012900ux1820,amazon_us,amazon_us_find,8G1Z19E616B/8G1Z19E616C/8G1Z19E616B/8G1Z19E616C/604-253,2026/2/28 9:50
a26020900ux0031,amazon_us,amazon_us_hero,290101LA0A/0130008517/29010-1LA0A,2026/3/31 11:40
a25122900ux0221,amazon_us,amazon_us_swi,55900-35360/55910-35231/55910-35230/55900-35361/655-50917/5590035360/5591035231/5591035230/5590035361/65550917,2026/3/26 11:19
a26012600ux0030,amazon_us,amazon_us_ifn,H7/1864755007S/18647-55007S,2026/2/28 10:00
a26022500ux0869,amazon_us,amazon_us_rock,69217-53021/6921753021,2026/4/8 15:17
a26012600ux0098,amazon_uk,amazon_uk_tuto,8050200Q1H/805020009R/4419257/80502-00Q0K/80502-00Q1H/82502-00Q0D/4421454/93197290/8204352760,2026/4/8 12:13
a26031600ux1782,amazon_us,amazon_us_ac1,53824-02070/53823-02070,2026/4/9 14:55
a26030200ux2439,amazon_ca,amazon_ca_find,83280-TA0-A91ZB/83230-TA0-A91ZB,2026/4/10 11:21
a25110500ux0078,amazon_ca,amazon_ca_find,HB108D/HB-108-D/12472452/12472460/05080662AA/5080662AA/HB4010A,2026/3/6 10:25
a26012900ux1797,amazon_ca,amazon_ca_kilo,87106-41051/063600-4900,2026/3/2 10:55
a25121900ux0229,amazon_ca,amazon_ca_ifn,EG2158590B/748-094/389533,2026/3/31 12:16
a25121700ux1792,amazon_us,amazon_us_sopro,08V30-3BM-100/PREO-PSS-030/08V303BM100/PREOPSS030,2026/3/13 10:11
a26011300ux0945,amazon_ca,amazon_ca_lift,80400ZP80A/80400-ZP80A,2026/3/5 12:59
a26031800ux0264,amazon_us,amazon_us_find,243602GGD0/243602GGB0/243602GGA0/24360-2GGD0/24360-2GGB0/24360-2GGA0,2026/4/8 10:10
a26031200ux3632,amazon_ca,amazon_ca_rock,82651-G5000/82651G5000,2026/4/16 22:54
a26013000ux0218,amazon_ca,amazon_ca_sopro,86790-04030/8679004030/590088/PAC131,2026/3/12 18:46
a26020400ux0045,amazon_us,amazon_us_ifn,371803W000/37180-3W000,2026/3/18 15:41
a26011500ux1801,amazon_ca,amazon_ca_swi,901-5107/2512518C91/3533417C91,2026/3/17 19:20
a26012200ux0138,amazon_us,amazon_us_sopro,95760-G3000/95760G3000,2026/3/17 11:40
a26031000ux2887,amazon_us,amazon_us_yuru,33142-4BA0C/33142 4BA0C/331424BA0C,2026/3/24 11:31
a26012900ux1834,amazon_ca,amazon_ca_find,AA5Z19E616B/AA5Z19E616C/604-234/AA5Z-19E616-C,2026/3/16 10:05
a26012900ux1800,amazon_us,amazon_us_find,971621JAA0/604-329/604329,2026/2/28 9:50
a26032400ux1669,amazon_us,amazon_us_tuto,17228P2J000/17228-P2J-000 /696-153/696153,2026/4/13 10:45
a25121700ux1795,amazon_uk,amazon_uk_sopro,1581889/12647180/12673280/12670209/12678784/15-81889,2026/3/13 12:21
a25122900ux0209,amazon_ca,amazon_ca_swi,599-172/5L3419980AA/5L3Z19980AA/6L3419980AA/6L3419980AB/6L3Z19980AA/7L3419980AA/599172,2026/3/17 11:30
a26031300ux0002,amazon_ca,amazon_ca_find,52128-06260/52127-06260/TO1038147/TO1039147,2026/4/7 10:25
a26010700ux2823,amazon_ca,amazon_ca_ifn,7440408020/74404-08020,2026/3/12 13:10
a26031200ux3630,amazon_us,amazon_us_rock,82661-G2720/82661G2720,2026/4/1 11:02
a25122300ux1647,amazon_us,amazon_us_ifn,751597/751-597/72251TK8A01/72251-TK8-A01,2026/3/6 12:01
a26031200ux3636,amazon_us,amazon_us_rock,82651-D3710/82661-D3710/82651D3710/82661D3710,2026/3/31 10:20
a26030200ux2282,amazon_ca,amazon_ca_find,27658-06/2765806,2026/4/3 21:55
a25121700ux1818,amazon_ca,amazon_ca_tuto,46399A1/46399A2/822777/8227772/822777A1/822777A3/822777A4/822777T1/97-822777Q1/00804AL/12680/18-6014A,2026/3/6 11:29
a26012900ux1796,amazon_ca,amazon_ca_find,1572505/604113/604-113/52473356,2026/3/6 15:26
a25122200ux0079,amazon_us,amazon_us_sopro,95760-J9000/95760J9000,2026/4/15 11:20
a26013000ux0215,amazon_us,amazon_us_moto,26060073/600-101/600101/8260600730/8-26060-073-0,2026/3/19 0:47
a26012600ux0118,amazon_us,amazon_us_ifn,69051-02090/69052-02080/6905102090/6905202080,2026/4/16 10:45
a26031600ux1779,amazon_ca,amazon_ca_ac1,73155-T20-A01/73165-T20-A01/73155T20A01/73165T20A01,2026/4/16 11:10
a26031200ux3632,amazon_us,amazon_us_rock,82651-G5000/82651G5000,2026/4/1 11:02
a26020900ux0033,amazon_us,amazon_us_hero,600935/5143477AA/5143477AB/600-935/48-306/420-160/48-314/83-306,2026/3/28 3:45
a26031000ux2802,amazon_ca,amazon_ca_luck,15100-16G00/1510016G00,2026/4/13 21:17
a26030200ux2436,amazon_us,amazon_us_find,96401-3TA2A/96400-3TA2A/964003TA2A/964013TA2A,2026/3/26 13:56
a26012900ux1830,amazon_us,amazon_us_find,8710607120/604-906/87106-07120,2026/2/28 9:50
a26020500ux1041,amazon_us,amazon_us_swi,5C2Z-19980-BA/5C2Z19980BA,2026/3/17 19:05
a25122600ux0140,amazon_uk,amazon_uk_sopro,FL1Z-19G490-A/FL1Z-19G490-B/590-949/FL1Z19G490A/FL1Z19G490B/590949/FO1960113C/PAC103,2026/2/28 12:56
a25123000ux0173,amazon_us,amazon_us_luux,1803676/E006185/E008172/E008222/E008-172/18-03676/E006-185,2026/4/13 10:11
a26020900ux0042,amazon_us,amazon_us_swi,1081037-01-F/1081037-01-D/108103701F/108103701D,2026/3/25 10:00
a26020200ux1524,amazon_us,amazon_us_ac1,53867-60040/53866-60030,2026/3/2 11:00
a26020900ux0042,amazon_ca,amazon_ca_swi,1081037-01-F/1081037-01-D/108103701F/108103701D,2026/4/10 11:31
a26021300ux0008,amazon_us,amazon_us_tuc,LJ6Z7823552B/LJ6Z7823552A/LJ6Z-7823552-B/LJ6Z-7823552-A,2026/3/23 10:30
a26033100ux2699,amazon_us,amazon_us_ac1,69220-08010-A0/69210-08010-C0/6922008010A0/6921008010C0/80850/80357,2026/4/14 11:33
a26030300ux2416,amazon_ca,amazon_ca_rock,82652-F2010/82652F2010,2026/3/30 12:05
a26020700ux0024,amazon_us,amazon_us_tuto,84873070/85054671/23388757/84751079/940-241,2026/4/15 11:20
a26030200ux2423,amazon_us,amazon_us_find,83230-SNA-A01ZA/83280-SNA-A01ZA/83230SNAA01ZA/83280SNAA01ZA,2026/3/18 10:00
a26012700ux0225,amazon_uk,amazon_uk_tuto,17228RFWG02/17228-RFW-G02,2026/3/6 11:15
a26020900ux0031,amazon_ca,amazon_ca_hero,290101LA0A/0130008517/29010-1LA0A,2026/4/14 0:00
a26031500ux0723,amazon_us,amazon_us_ac1,826513W010/826613W010/836513W010/836613W010/82651-3W010/82661-3W010/83651-3W010/83661-3W010,2026/4/14 18:10
a26010700ux2819,amazon_us,amazon_us_sopro,JL7T-19G490-DB/JL7Z-19G490-F/JL7Z-19G490-B/PAC482/JL7T19G490DB/JL7Z19G490F/JL7Z19G490B,2026/2/28 17:11
a26031600ux1774,amazon_us,amazon_us_ac1,53867-0E100/538670E100,2026/4/2 12:07
a26010100ux0966,amazon_ca,amazon_ca_ifn,815550C010/81555-0C010,2026/3/3 0:00
a26020500ux1042,amazon_ca,amazon_ca_swi,27510-ED50A/27510ED50A,2026/3/25 21:41
a25122300ux1647,amazon_ca,amazon_ca_ifn,751597/751-597/72251TK8A01/72251-TK8-A01,2026/4/1 11:41
a26031500ux0726,amazon_us,amazon_us_ifn,26590-5RA0A/265905RA0A,2026/4/16 10:45
a25111200ux0170,amazon_us,amazon_us_hood,20651ZP00A/20651-ZP00A,2026/2/28 17:30
a26031100ux0309,amazon_us,amazon_us_ifn,31512T2AA00/31512-T2A-A00,2026/4/10 19:05
a26030300ux2417,amazon_ca,amazon_ca_rock,82652-3S010/826523S010,2026/3/30 12:05
a26032300ux3370,amazon_us,amazon_us_yuru,610-254/610254/9590475/9590476/9591291/9591921/9591973/9591978/9591981/9591982/9592032/9595178,2026/4/9 11:51
a25121700ux1792,amazon_ca,amazon_ca_sopro,08V30-3BM-100/PREO-PSS-030/08V303BM100/PREOPSS030,2026/3/13 10:16
a26031600ux1776,amazon_us,amazon_us_ac1,53867-0E030/53866-0E030/538670E030/538660E030,2026/4/9 15:25
a26012600ux0139,amazon_ca,amazon_ca_luux,FS19761/WF10311/PF7894/23304E0020/23304-E0020/102529/L9721FXL,2026/3/24 10:25
a26010700ux2819,amazon_ca,amazon_ca_sopro,JL7T-19G490-DB/JL7Z-19G490-F/JL7Z-19G490-B/PAC482/JL7T19G490DB/JL7Z19G490F/JL7Z19G490B,2026/3/18 15:25
a26030200ux2442,amazon_us,amazon_us_find,74320-48500-B0/74320-0E050-B0,2026/3/24 10:23
a26031000ux2800,amazon_us,amazon_us_luck,2208126/2207671/2207672/2207673/2208126/47-1006/47-1008/47-3010,2026/3/26 15:00
a26032100ux0108,amazon_us,amazon_us_sopro,V30510CJF010/V30510CJF040LL/21121-Y001,2026/4/15 11:50
a26012700ux0185,amazon_ca,amazon_ca_tuto,"For Ford P/N: E0NN5N206AA17M
For John Deere P/N: AL28307
For Massey Ferguson P/N: 273738M91
For Allis Chalmers P/N: 70244344/70244344V/83946845
For Zetor UR3 Series: 10520/10540/10641/11641/8520/8540/8621/8641/9520/9540/9621/9641
For Various P/N: 374-8/11039/RC8/WC8/11009/367-8/S.19781/1039/83946845/Z11039",2026/3/30 12:04
a26012900ux1704,amazon_uk,amazon_uk_luux,30120P0AA01/30120-P0A-A01/E12-127,2026/3/9 10:46
a26012700ux1728,amazon_us,amazon_us_ifn,H0600-3J125/H06003J125/H0601-3J125/H06013J125/H0600-3S500/H06003S500/H0600-3J185/H06003J185/H06000W000,2026/4/14 10:50
a26030900ux0098,amazon_ca,amazon_ca_tuc,1577762020/1577862030/15777-62020/15778-62030,2026/4/15 10:45
a26010500ux0093,amazon_uk,amazon_uk_sopro,A5523/A5523/A5749/EM-4029/EM-4029/EM-4230/3250/3250/3294/6R3Z6038A/BR3Z6038B/BR3Z6038E/7R3Z6038A/BR3Z7E373A/BR3Z7E373B/EM4029/EM4029/EM4230,2026/3/20 17:20
a26031800ux0263,amazon_us,amazon_us_find,916-722/916-723/VVT266/2T1196/VTS1172/VVS243/VVT265/2T1198/VTS1171/VVS242/CN1Z6M280B/CN1Z6M280D/CN1Z6M280E/CN1Z6M280A/CN1Z6M280C/CN1Z6M280F,2026/4/8 10:10
a26032700ux0307,amazon_us,amazon_us_ifn,81570-60081/8157060081,2026/4/16 10:45
a25122300ux1643,amazon_ca,amazon_ca_ifn,748754/72250SZAA01/72250SZAA02/748-754,2026/3/2 11:21
a26031800ux0259,amazon_us,amazon_us_luck,0079908404/007-990-84-04,2026/4/17 11:55
a26031200ux3613,amazon_ca,amazon_ca_ac1,86154-3X000/86153-3X000/86153-4V000/86154-4V000,2026/4/7 12:06
a26012200ux0132,amazon_ca,amazon_ca_tuto,539110311/539110411/607163/14259/12400/1651-43/754-0230/754-0261/954-0230,2026/3/9 11:01
a26030200ux2271,amazon_us,amazon_us_find,063800-0560/0638000560/0637008930,2026/3/18 10:22
a26012100ux0168,amazon_us,amazon_us_ifn,33961T0AA00/33961-T0A-A00/33966T0AA00/33966-T0A-A00/HO2602102/HO2603102,2026/3/23 15:20
a26012600ux0123,amazon_ca,amazon_ca_swi,35880-TR6-A02/35880-TR6-A01/35880TR6A02/35880TR6A01,2026/4/10 15:21
a26030400ux2073,amazon_us,amazon_us_kilo,AJ5718840A/TX139/3L8Z-12A648-AA,2026/3/20 10:11
a26031800ux4853,amazon_uk,amazon_uk_bull,17881-61061,2026/4/14 16:45
a25103000ux0121,amazon_us,amazon_us_hero,284F1-4GA1A/284F14GA1A,2026/3/2 13:21
a26032500ux1127,amazon_us,amazon_us_tuto,63P-11325-21-00/63P-11325-21,2026/4/13 11:28
a26030200ux2438,amazon_us,amazon_us_find,87106-07070/87106-07071/87106-41050/604-954/604954,2026/3/17 10:10
a26012600ux0123,amazon_us,amazon_us_swi,35880-TR6-A02/35880-TR6-A01/35880TR6A02/35880TR6A01,2026/3/10 9:50
a26031000ux2802,amazon_us,amazon_us_luck,15100-16G00/1510016G00,2026/3/26 15:14
a26012600ux0116,amazon_ca,amazon_ca_ifn,69051-42050/69051-42060/6905242060/6905142050,2026/4/2 16:30
a26012900ux1830,amazon_ca,amazon_ca_find,8710607120/604-906/87106-07120,2026/3/6 15:26
a26033100ux2765,amazon_us,amazon_us_ac1,69090-0C051/690900C051/81214/TO1915119,2026/4/15 5:20
a26012100ux0183,amazon_us,amazon_us_swi,93420-1R200/934201R200/4201R200/1S11373/WP531/740131,2026/3/19 19:21
a26012900ux1793,amazon_us,amazon_us_find,1573952/89018374/604-112/604112/15-73952,2026/2/28 9:50
a26031000ux2803,amazon_us,amazon_us_luck,15100-29G00/1510029G00,2026/3/26 15:13
a26030400ux2114,amazon_us,amazon_us_sopro,234-5176/250-25119/EJ5Z9F472A/EJ5Z9F472B/FL3Z9F472A/FR3Z9F472C/FR3Z9F472D/FR3Z9F472F/FR3Z9F472G/GK4Z9F472A/350-35145/OSA61845,2026/4/15 17:25
a26030500ux1587,amazon_us,amazon_us_luck,15200-92J00,2026/3/27 22:47
a26031200ux3630,amazon_ca,amazon_ca_rock,82661-G2720/82661G2720,2026/4/14 0:00
a26031200ux3631,amazon_us,amazon_us_rock,82651-G5000/82651G5000,2026/4/1 11:02
a26012600ux0115,amazon_ca,amazon_ca_ifn,81970-C5A00/81970C5A00,2026/3/13 10:05
a26012900ux1808,amazon_ca,amazon_ca_find,79350TK4A41/79350TK8A41/604-874/604874,2026/3/6 15:26
a26020900ux0027,amazon_us,amazon_us_swi,LB5Z-14529-BA/LB5Z-14529-BC/LB5Z-14529-AC/LB5Z-14529-AA/SW-8444,2026/3/26 11:19
a26031300ux0002,amazon_us,amazon_us_find,52128-06260/52127-06260/TO1038147/TO1039147,2026/3/26 13:56
a26020900ux0032,amazon_us,amazon_us_hero,23319285/600914/19256065/600-914/19258697/84115497/84718572/V51860005,2026/3/28 3:15
a26031100ux0311,amazon_us,amazon_us_ifn,31512S0XA00/31513SDB000/31513TA0A00/9405006080/31512-S0X-A00/31513-SDB-000,2026/4/10 19:05
a25123000ux0168,amazon_us,amazon_us_luux,15282187/25923437/25799536/401084/40-1084,2026/4/10 21:01
a25103000ux0121,amazon_ca,amazon_ca_hero,284F1-4GA1A/284F14GA1A,2026/3/7 0:00
a25122600ux0101,amazon_us,amazon_us_sopro,23323779/22740367/590-110/GM1960113/590110,2026/3/11 12:16
a26012700ux0276,amazon_us,amazon_us_ifn,91213PR3004/91213-PR3-004,2026/3/16 10:06
a26011900ux1837,amazon_us,amazon_us_tuto,72150SWAA01/72150-SWA-A01/937571/DLA1728,2026/3/26 12:00
a26012900ux0071,amazon_ca,amazon_ca_ac1,8724035070/8724035050/87240-35070,2026/3/5 16:11
a26030300ux2418,amazon_us,amazon_us_rock,82662-C5030/82662C5030,2026/3/25 11:00
a26012900ux1814,amazon_ca,amazon_ca_find,79350S0XA01/79350S84A01/604-441/604441/73563,2026/3/6 15:26
a26012700ux0276,amazon_ca,amazon_ca_ifn,91213PR3004/91213-PR3-004,2026/3/24 10:10
a26031200ux3613,amazon_us,amazon_us_ac1,86154-3X000/86153-3X000/86153-4V000/86154-4V000,2026/3/31 11:48
a26031700ux0024,amazon_us,amazon_us_sopro,95760-A9100/95760A9100/KI1960132,2026/4/13 11:25
a26013000ux0224,amazon_us,amazon_us_tuto,1K0122291C/1K0122101BC/1K0122101BB/627-004/627004,2026/3/17 11:05
a26022500ux0865,amazon_ca,amazon_ca_rock,69218-53021/6921853021,2026/4/9 14:28
a25102300ux1149,amazon_ca,amazon_ca_swi,FL3T-9E740-BBW/FL3T9E740BBW,2026/3/18 10:30
a26012700ux1726,amazon_us,amazon_us_ifn,04921-TBA-A01/04921TBAA01,2026/4/14 10:50
a26031100ux0266,amazon_us,amazon_us_sopro,41821904000/4182 190 4000/4182-190-4000,2026/4/15 11:20
a26022500ux0865,amazon_us,amazon_us_rock,69218-53021/6921853021,2026/4/1 14:58
a26031500ux0724,amazon_us,amazon_us_moto,9091706061/90917-06061,2026/4/16 11:05
a25122300ux1654,amazon_us,amazon_us_ifn,751-762/751762/72211TG7A01,2026/3/2 11:19
a26031200ux3636,amazon_ca,amazon_ca_rock,82651-D3710/82661-D3710/82651D3710/82661D3710,2026/4/8 0:00
a26012700ux1730,amazon_us,amazon_us_ifn,81970-3SA00/819703SA00,2026/4/14 10:50
a26020200ux0037,amazon_us,amazon_us_moto,600-490/600490/26060073/88959465,2026/3/2 11:15
a26012900ux1800,amazon_ca,amazon_ca_find,971621JAA0/604-329/604329,2026/3/6 15:26
a26030300ux2417,amazon_us,amazon_us_rock,82652-3S010/826523S010,2026/3/25 11:00
a26030200ux2283,amazon_us,amazon_us_find,49116-0021/491160021,2026/3/18 10:00
a26012700ux0287,amazon_uk,amazon_uk_ifn,26590-1KA0B/26590-1KA0C/26590-BV80A/265901KA0B/265901KA0C/26590BV80A,2026/2/28 10:46
a26012900ux1797,amazon_us,amazon_us_kilo,87106-41051/063600-4900,2026/3/2 10:52
a26012600ux0122,amazon_us,amazon_us_swi,96720-J9110/96720J9110/96720-J9110-TMT,2026/3/10 9:50
a26012600ux0117,amazon_ca,amazon_ca_ifn,81970-2KC00/819702KC00,2026/3/25 18:45
a26032400ux1749,amazon_us,amazon_us_ac1,69210-60100/69217-35050/69210-35180-B0/69250-60050-C0/69211-60070-C0/69211-60090-C0/69250-60010-C0,2026/4/15 13:04
a25111200ux0170,amazon_ca,amazon_ca_hood,20651ZP00A/20651-ZP00A,2026/3/6 18:21
a26012900ux1816,amazon_us,amazon_us_find,8710647100/604-438/604438/73559,2026/3/9 10:30
a26031000ux2800,amazon_ca,amazon_ca_luck,2208126/2207671/2207672/2207673/2208126/47-1006/47-1008/47-3010,2026/4/13 21:08
a26020200ux1520,amazon_us,amazon_us_ac1,53867-0G010/53866-0G010,2026/3/2 11:00
a25122600ux0140,amazon_ca,amazon_ca_sopro,FL1Z-19G490-A/FL1Z-19G490-B/590-949/FL1Z19G490A/FL1Z19G490B/590949/FO1960113C/PAC103,2026/2/28 12:15
a25122400ux2087,amazon_ca,amazon_ca_ifn,748-609/69802-48030/85720-42080/748609/6980248030/8572042080/388704,2026/3/2 11:21
a26031700ux0024,amazon_ca,amazon_ca_sopro,95760-A9100/95760A9100/KI1960132,2026/4/8 10:45
a26020300ux1757,amazon_ca,amazon_ca_ac1,53867-52150/53866-52100,2026/3/5 16:11
a25121900ux0098,amazon_ca,amazon_ca_luck,90017PR3003/90017-PR3-003,2026/3/18 0:00
a26012600ux0030,amazon_ca,amazon_ca_ifn,H7/1864755007S/18647-55007S,2026/3/13 11:10
a26010500ux1920,amazon_ca,amazon_ca_hero,4381060A00/43810-60A00,2026/4/2 0:00
a26012600ux0111,amazon_ca,amazon_ca_ifn,926-878/926878/FU5Z14450A/FU5Z-14450-A,2026/3/13 10:06
a26010700ux2819,amazon_uk,amazon_uk_sopro,JL7T-19G490-DB/JL7Z-19G490-F/JL7Z-19G490-B/PAC482/JL7T19G490DB/JL7Z19G490F/JL7Z19G490B,2026/3/10 20:42
a26032300ux3371,amazon_us,amazon_us_yuru,610-312/27520B/27798B/561-312/85414/97232/B142269/BD61173/RB27520B/6503835/8-97081-943-0/90942-02034/90942-02052/MB393409/MB584750,2026/4/9 11:51
a26031600ux1779,amazon_us,amazon_us_ac1,73155-T20-A01/73165-T20-A01/73155T20A01/73165T20A01,2026/4/9 14:55
a25123000ux0171,amazon_us,amazon_us_luux,25895883/4010022/40-10022/20907861,2026/4/10 10:35
a26020400ux0053,amazon_ca,amazon_ca_hero,19300596/600943/48116/600-943/48-116,2026/4/10 0:00
a26022500ux0869,amazon_ca,amazon_ca_rock,69217-53021/6921753021,2026/4/14 10:23
a25110700ux0036,amazon_ca,amazon_ca_hero,33820-33200/33822-33080,2026/2/28 0:00
a26012100ux0166,amazon_ca,amazon_ca_hero,4307166/2872424/4384138/4MPP2-13/2872210,2026/2/28 0:00
a26030200ux2432,amazon_ca,amazon_ca_find,74320-06800-B0/74310-06770-B0,2026/4/7 17:00
a26012000ux0086,amazon_us,amazon_us_hero,583903X000/583903X100/58390-3X000/58390-3X100,2026/3/18 18:46
a26020200ux0037,amazon_ca,amazon_ca_moto,600-490/600490/26060073/88959465,2026/3/9 11:35
a26020200ux1519,amazon_us,amazon_us_ac1,53867-35020/53866-35030/53867350205/386635030,2026/3/17 10:40
a26021300ux0010,amazon_ca,amazon_ca_hero,45255STKA00/45255-STK-A00,2026/4/7 10:20
a26031200ux3017,amazon_us,amazon_us_tuto,800418/XC2Z18B402DA/800-418,2026/4/15 11:54
a26031600ux1772,amazon_us,amazon_us_ac1,53866-0E100/538660E100,2026/4/2 12:07
a26030200ux2423,amazon_ca,amazon_ca_find,83230-SNA-A01ZA/83280-SNA-A01ZA/83230SNAA01ZA/83280SNAA01ZA,2026/4/7 17:00
a26032300ux3369,amazon_us,amazon_us_yuru,1007713/100-7713,2026/4/15 13:56
a26030300ux2418,amazon_ca,amazon_ca_rock,82662-C5030/82662C5030,2026/3/30 12:05
a26031200ux3638,amazon_ca,amazon_ca_rock,82651-A7200/82651A7200,2026/4/8 0:00
a26031800ux0260,amazon_us,amazon_us_ifn,7735006080/77350-06080,2026/4/16 10:45
a26012900ux1832,amazon_ca,amazon_ca_find,971571JAA0/604-330/604330,2026/3/6 15:26
a26020200ux1524,amazon_ca,amazon_ca_ac1,53867-60040/53866-60030,2026/3/9 11:01
a26012900ux1808,amazon_us,amazon_us_find,79350TK4A41/79350TK8A41/604-874/604874,2026/2/28 9:50
a26030200ux2432,amazon_us,amazon_us_find,74320-06800-B0/74310-06770-B0,2026/3/24 10:15
a25122300ux1650,amazon_us,amazon_us_ifn,751-598/751598/72215TK8A01/72215-TK8-A01,2026/3/6 12:02
a25123100ux0088,amazon_ca,amazon_ca_hero,27102449709/600-932/27107541782/27107566250/27107566296/27107568267/600932,2026/3/14 0:00
a26012600ux0034,amazon_ca,amazon_ca_ifn,34105SNB003/34105-SNB-003,2026/3/16 10:01
a26012200ux0138,amazon_ca,amazon_ca_sopro,95760-G3000/95760G3000,2026/3/17 17:01
a26031100ux0268,amazon_us,amazon_us_sopro,18-165-05-S/1816505-S/18 165 05-S,2026/4/14 18:40
a25121700ux1816,amazon_ca,amazon_ca_tuto,76214/762142/762143/76214A1/76214A5/76214T3/76214T5/97-762145/97-76214Q5/18-6016A/CM762145A/00820AL,2026/3/6 11:29
a25121700ux1821,amazon_us,amazon_us_moto,"BL3Z2268A/BL3Z-2268-A/2201836/H621808
BL3Z2267A/BL3Z-2267-A/2201837/H621806",2026/3/2 11:15
a26030300ux2419,amazon_ca,amazon_ca_rock,82662-2V020/826622V020,2026/3/29 0:00
a25122600ux0141,amazon_uk,amazon_uk_sopro,86790-35061/590-939/PAC128/8679035061/590939,2026/2/28 18:00
a26031200ux3635,amazon_ca,amazon_ca_rock,82651-D9710/82661-D9710/82651D9710/82661D9710,2026/4/8 0:00
a26030200ux2282,amazon_us,amazon_us_find,27658-06/2765806,2026/3/25 10:50
a26012900ux0071,amazon_us,amazon_us_ac1,8724035070/8724035050/87240-35070,2026/2/28 10:16
a26031100ux0310,amazon_us,amazon_us_ifn,31512SDAA00/31513SDA000/31513SDAA00/9405006080/31512-SDA-A00/31513-SDA-000/31513-SDA-A00,2026/4/9 10:45
a26030200ux2437,amazon_us,amazon_us_find,96401-3TA2A/96400-3TA2A/964003TA2A/964013TA2A,2026/3/26 13:56
a26030200ux2283,amazon_ca,amazon_ca_find,49116-0021/491160021,2026/3/30 10:00
a26030600ux0007,amazon_us,amazon_us_tuto,1033536/1032107/103-3536/103-2107/109-0346,2026/3/27 11:35
a26012600ux0119,amazon_us,amazon_us_ifn,04921-TVA-A01//04921TVAA01,2026/4/16 10:45
a25120100ux0249,amazon_us,amazon_us_hero,E7TF7B033A/E7TZ7A110C/E7TF-7B033-A/E7TZ-7A110-C/E7TZC-7A110-D,2026/3/5 19:05
